Sample,Metabolite1,Metabolite2,Metabolite3,Metabolite4,Metabolite5,Metabolite6,Metabolite7,Metabolite8,Metabolite9,Metabolite10,Metabolite11,Metabolite12,Metabolite13,Metabolite14,Metabolite15,Metabolite16,Metabolite17,Metabolite18,Metabolite19,Metabolite20
QBC-092,47.4222869931338,77.1546140263329,83.85559171340665,18.787907710632087,45.225874859571675,81.55609980035902,76.7528043104894,83.3065483487018,58.711066456337164,68.57457775111573,70.81031473942942,64.54457377574315,66.16694127898656,52.894625558588785,63.324014760241546,89.99695834245759,41.59273172243095,62.88971441300408,77.03924667858058,54.96670610425893
QBC-256,77.68558164980092,62.73444876391834,81.58909379554478,58.52761446350499,38.10181201626048,64.820848492059,67.58086702968046,53.685959070268126,75.61975234490194,67.63228415814922,79.60735890717194,45.336667739754,67.75164156361281,75.44469681083353,46.461783586286856,60.52968777585559,71.81183581945967,46.94935367866002,65.27621220689898,64.24427739854845
QBC-107,93.58373614428662,37.054940025665246,68.86347764628965,90.03877762161557,45.684741690528625,70.80034954456215,69.19010217453783,65.55272321241463,60.80357843133157,64.57744616612055,72.86563801840359,71.56960057746065,69.16945386320762,18.09773469171726,78.81906432253209,63.58669593733231,73.21805651397044,91.85770231995392,68.09990442820471,80.66064196338425
QBC-171,66.40978382595792,80.26946788171108,65.04509414417718,40.99331256111036,57.833231446341046,61.23251067934513,66.31334104598588,60.35561626508178,51.15012999586592,75.49514045431528,60.13896738534557,50.102611264767404,85.18789629152155,70.6985182999081,70.93467003519149,46.05605738455662,58.61268221854158,42.943292005805475,77.29895479718883,68.5073752351504
QPRC-110,82.63486709561496,30.339379314558403,75.84115318465994,74.0863014867754,57.548965777465796,36.50677056799954,66.09878968104195,45.80220274164214,78.71157923771129,61.9691550519936,71.64200649135594,78.11993045221323,50.755003167173804,80.29825842661613,91.72455748496009,59.735335065265424,60.61903179351184,70.1973179485588,66.3981968786791,41.59022169501916
QBC-240,61.601658021961384,49.75713197187814,73.35938650501997,79.39279066522928,72.88979068932949,55.5262849752244,79.88725537472504,78.44528507637588,57.12925290227747,61.93932494547567,89.718858020325,90.80418046718256,75.04140035669238,78.16687860467032,86.6319752040159,70.44269716058471,81.00818492665232,57.844865835818865,62.88352251728271,49.58120371835413
QPRC-019,23.821926920122262,75.10065046621507,61.898427900956214,60.169677120691865,84.566523639974,49.082370610226974,55.1947673901333,38.470727731958306,47.584045276382426,62.77981767793905,82.11057004247527,64.90611664701538,30.0678082044265,62.79028082760872,60.95967744544674,86.90179238961133,86.02649929453918,89.46120378458643,68.99687095500202,62.17698163923741
QBC-183,58.954401693173665,43.45113639088382,81.02800149251102,59.087396999800916,52.823217333299354,70.88186152369167,47.13646176343508,81.61328750232877,57.8562166936755,43.06749121128598,43.567608439608094,64.98969544387072,62.338218942682566,46.15430735346139,63.631871188112,83.07115025082095,89.43626689670263,74.51531282335931,74.36917761893127,63.08647830421778
QBC-086,47.09792726318777,61.52334073805683,35.49237907696627,94.49671053056105,84.80998212873571,70.90469338196532,86.11525644555383,48.923060936710016,70.6464536331982,84.34612965416974,55.19719889056603,58.582783788928374,59.61329367429117,81.5844473887168,91.97130850702291,50.739900114098745,58.90478833726526,75.64074948628651,75.78369608085406,82.03661773921043
QPRC-039,61.780100308746825,60.66029955919082,79.57553407995107,80.1337722539406,64.45998312327735,60.32135356618434,89.5147028106994,59.38051743510084,76.30025291058243,41.50158954391475,21.18233439208982,25.1536380810907,16.8467554214793,71.93421425505987,61.30483344671819,10.519306153450323,43.791214364964944,61.14681778102515,56.78899383805582,81.4312698952588
QBC-232,64.79748900940606,32.0652065227848,71.09853313426972,82.12881779082258,92.75990749717684,83.21500538536017,89.34492714293103,45.90852388456233,20.91803310618659,91.3865206383516,44.4105982050054,22.150608424160446,70.31286525945075,21.421932139749043,57.62267153061313,74.36601799165427,56.44078002174166,62.9429881684011,71.78874653393962,63.28696992990129
QPRC-104,41.87626045479877,75.01681448958999,73.95207723414782,73.89414830610508,19.569444176617488,57.060146361834654,66.74605715604606,66.29758171879595,57.510609495870725,65.62567057519706,72.06817904908817,67.99379782124976,70.9566135015282,61.858417251267426,80.87596861898425,31.252766912611428,55.91220277330638,95.01774423249341,58.978187221214796,78.82973136067761
QBC-119,47.743663616566366,75.62371981087176,45.96353652066011,65.94974817846217,75.00996453171587,69.38077899581185,20.524993197461544,49.235307261657994,75.22165844486685,89.54686737151187,79.78109820034867,83.77953411495997,71.00949527310868,56.204458416756594,65.03711160370754,47.48456744881226,67.47347190073121,28.76065036805752,36.78048671469729,69.99776723502303
QBC-269,79.5397538145303,57.28679455347914,70.06529002055554,71.36817445311257,52.14065730131833,80.9273860184137,23.280774900933352,63.016141154751494,71.56178442096952,46.82431171234258,72.83331921595118,61.96528868250246,54.736276198608735,61.398132486068434,62.20422019642761,23.092111386479257,34.09917426879373,46.6128743489498,64.05344730133982,69.48999704373423
QBC-247,67.84294560021206,27.930606640189616,23.892676474197973,93.57470659071646,54.053874434137946,67.33053137936,52.527102212079114,68.14107171474356,90.24846614975958,57.58555359510565,74.72810608971574,59.973123679878526,75.67340707058861,78.9022018879096,65.93039924152349,65.09601687053211,82.28317601111745,53.86846521228049,54.774735641260364,72.49149211353017
QBC-031,72.9155440213611,62.86803515646208,46.23648811741126,61.010734208632385,70.66317472577789,39.23916213875119,57.40184731351909,70.17211988899996,50.74445824300915,74.36971241331196,80.115605365877,48.48025471731894,58.84862872281187,55.02855651317277,32.75362375328234,71.93916114353638,50.33151546303237,54.36714421454853,43.37630726968643,73.7218538969487
QBC-268,80.23348217733044,64.38468306554917,71.13362588927222,70.33871515425585,53.81233644390153,64.47217893387376,76.63575653190779,35.81861569503718,63.57885323987801,64.81420438331614,87.98489792640359,48.14436400397692,64.86802865649415,45.570289473145564,68.4127940024591,62.09014863365726,69.27412450561694,70.75653833483582,75.68509540216152,66.18100411863529
QBC-173,68.67520022633246,69.93465279974805,75.86226911057804,63.846846531911794,92.22962836604151,78.66290724576291,74.98708556206391,52.94077994872379,69.17693876941023,77.5763832588005,70.57276975110769,93.74344368488653,41.768179870936564,42.77660212513849,47.787717063428715,24.445834723417583,45.70122912268806,32.78245399449098,77.61308404287095,72.55999769562268
QBC-210,86.66158250108452,77.60246981221272,83.27101165981576,98.70474529308368,82.27897535176666,71.8385114177843,61.978371630426416,87.65658600476222,80.5284235293004,61.88252163043053,82.23758541492043,53.445718286117824,62.35303121097071,27.32116686582082,78.61812596486452,62.88856729227355,38.66176144845389,62.48432972001773,35.1652015431408,64.9298936033573
QPRC-108,87.62819472451086,64.71885960447327,48.37374500636778,86.43946093522771,63.61868434781115,68.91896013883044,90.85523726476194,54.98266238208999,59.44076954503577,88.29220376390899,57.60679028750974,52.84448647053584,66.7226302208199,80.71645390139736,63.64816623693591,65.95771338967027,70.59020860442993,68.79856825600609,81.09857065431365,54.19230424784931
QPRC-115,99.39672771684718,81.18773036333145,82.51731289288936,57.172499183580015,68.41934883724016,56.092175918499564,58.24537806937383,51.15768145547861,62.60033945408219,97.0997982673361,56.590596602576404,78.34134888294307,79.88808970475799,94.20600142200288,81.33205619981067,57.61423394568095,62.448156700636424,63.686784765282894,11.51110125660319,54.98738933895276
QIGR-005,76.86237702584953,42.50951109761254,34.06024407032158,80.0087896784006,52.56856555118135,70.17369065233811,57.92251329157468,49.82459252601161,60.081557445417445,54.744497770760844,70.23071011098438,13.331469845886113,62.02751982490806,56.81180647303946,81.43569917363057,41.429237000112025,70.51106561519153,55.36396035198766,87.2680224748604,61.02377130754265
QBC-264,70.66656901857384,65.73452769333258,74.58652306391184,58.41463920075847,56.39106376848793,46.1566161462346,63.156887147314876,60.91883634488148,53.903450065233066,91.06384501247027,82.17826330331705,57.95557865383989,61.252699609999134,34.1235644169697,76.15599123677774,41.89886479729955,58.76442196203131,85.39436293584262,97.58385856143039,66.05622778273099
QBC-286,24.99782617660409,57.617064123981535,59.645830177732364,45.88739346675516,93.24083624543567,68.85988049703658,71.89649571004834,64.69354183051578,51.88477800462971,80.51904672815705,51.875800168298554,73.99124067775827,39.49289542366023,73.85589452649582,61.15945999721092,75.00904221361324,89.20103020145936,63.37904886302435,66.2272937615013,21.535120033095048
QPRC-012,90.94924463509818,79.28705082457537,74.62197412661445,60.478601593294286,18.076358528765482,37.506619783351134,70.4498907392384,73.22451048973619,83.20018330901128,61.44178595312373,58.673142997177834,82.18862012030368,64.99941991652032,76.50997018953365,80.64794602110706,72.29757027085671,74.18597902599416,102.35588751038736,47.52926711212248,77.65184266231586
QPRC-106,31.406467787347797,50.58214393083287,69.1821578542311,63.61425896083333,72.45023359658052,62.749803205924735,55.98173401490469,80.36952974940398,54.05430476755433,105.0843606937414,64.83078662900272,88.17235904045697,44.743524789325846,39.589806666687,53.065547148067154,67.30646693021552,53.39822349504405,61.06073376264213,56.067267652645725,75.95147719611487
QBC-205,66.12980807974182,47.40291307879882,69.25646428567289,52.951970328390054,43.70905255173852,48.16707275631914,59.50589964911591,71.26298169441779,72.20586094150019,69.60473065580928,52.88931014058641,67.57076940082337,56.14642539782677,51.47981539243838,42.680368470566776,59.01693490076558,66.12346815025714,90.14302126285293,59.01914849428234,48.21175278682762
QBC-046,65.61824473583015,71.48502890702841,81.73398490879086,68.77470955786323,70.31597003139119,87.89442091343201,58.760684667603414,78.04660165552667,48.35631489816505,57.608512180890344,85.17581707464004,60.50632280968327,74.10146540281055,59.60583226154144,68.88377270402114,69.2812918290862,76.019844833371,78.37200296219407,63.273747819710664,65.63872847394865
QBC-018,67.84358606252869,60.60211233536462,73.81786408587801,67.18170078045148,60.14427669372432,49.72669078969753,72.50952696231596,54.7783842146956,38.44356716385123,74.69673437821041,49.58861103681741,57.104251016195576,58.63214097180302,60.22560038889725,60.21380870861607,80.70575434349313,88.29435066200844,87.57578380170597,29.165358995801668,67.25429681926484
QBC-170,65.5371800310362,70.45391932272642,66.79870412708115,35.52765567697044,73.1712702765946,97.60516038034397,49.74356183967085,71.53790399191713,91.10960778395254,76.50199445577488,41.07996557291578,51.051239845637596,72.19546565827027,77.97193994445044,55.24524091227553,62.12767534998396,38.98434066379151,59.10833754977823,33.21039412873141,68.13256829133832
QBC-174,48.83138495173285,55.58695820020678,51.18983453915646,67.88385663005661,54.56750264157836,85.31165571462813,39.96289563988672,78.61066623091254,68.5103882965765,70.88087005946659,90.22174694358543,51.019049545460014,80.5836452236205,87.83999006206848,72.84625234080039,78.33828157756504,45.00217244161892,92.37521653980005,68.15658048712586,69.96882251715013
QBC-035,64.17693831023172,66.98062236718069,69.22818883145511,32.55233225464939,72.97910331517707,87.07993788399622,78.4041738166931,55.746283866237015,82.68889672403895,58.86607510089716,36.71127466031861,75.83261552709985,41.0204079097116,62.91666960546734,60.26716020862013,51.9869150688433,52.001569978944985,74.10976840600662,75.0140471607057,96.29654545756267
QBC-064,61.05650717469119,69.65911781791345,41.46808477556924,55.055310761134436,44.657746841338614,29.06364421323803,73.20912318187607,79.44678996860543,85.21386342168535,65.7673670123975,59.679123716570274,77.42334138973425,59.620307125025754,80.51211158839702,73.24891781563504,88.07593686135138,80.90177172276117,72.17221194451956,64.19907284488606,122.32022878430944
QBC-179,75.18483579269002,71.36264374249777,66.01360574021703,65.14888647024142,73.48587854445682,72.90520749084493,88.22894095734955,66.13132712790679,33.42360983475005,47.518802583637935,70.22899460778119,75.69646253049282,70.5303454517888,54.39216218767923,73.83720147816979,50.241922794131675,65.80438877377163,82.64172879510676,66.88272705158882,87.57467822384103
QBC-280,48.12845388183984,67.4548786236445,69.86036679726212,85.12521800219476,95.36969143088149,74.84452580913788,49.01072854807984,71.2452028071869,52.65586715134984,54.903751251302324,68.62518327151142,48.630636687918795,38.121824897359886,75.129927683056,86.7894443561855,21.923974990471216,79.74430510989158,63.785141600956685,95.06504418975321,78.5679594878006
QBC-166,54.711323195874854,92.99965064173941,32.26304059573462,73.88868900123788,60.711503139334496,51.9691103254773,77.00985877550809,55.195259474414534,55.39498306323972,56.478186648971715,40.40262844659388,27.282013633084794,81.14688944951226,84.49992941752292,75.375908403221,46.035589604398155,89.25951423759784,80.06424220488063,69.46130461567304,69.10386987238806
QBC-267,85.06469489048726,71.20291466108135,38.79679231398697,36.01975904761776,83.52899721415822,14.782643587379448,29.2406184189996,50.045367477912976,49.34531827958693,82.81195685341626,59.23344531054811,62.26239152817172,50.49340368290573,55.44327528196472,88.70020185316639,69.68833873395428,83.55664901254958,32.659224507413185,84.54247924302436,8.068602266940811
QBC-015,50.89019128036647,47.85595830046998,54.44820798816707,65.3485647937911,26.681857915540377,78.87279554402551,48.859873784937996,58.200446148552054,61.466898877024605,55.31845392635477,62.09423882628324,60.54431865017908,77.09170329326105,97.65368431847257,64.48570058744652,45.13222146342653,59.13636565516907,74.58372964157293,71.6421232111378,69.96118940980925
QPRC-101,69.47442167712734,70.90458322884314,94.94333650119273,101.5368436297507,67.92864627867061,76.61165987625284,49.99478383017507,71.63055825220451,67.72423306135032,53.987115757888475,60.066611910403935,51.524010645955826,55.2289179617938,71.84512486589463,6.207604531780646,62.368318008246995,53.88767257883187,42.57457649943068,60.62382729084713,22.529013211470193
QBC-242,65.95431978793556,74.46839228623264,53.86689776459822,86.8707052182015,61.853045366383895,48.88632786097703,73.9969969875705,59.67183109340199,79.36792288906011,87.84685114113869,70.24533217184526,65.71885624269365,45.07709560301295,106.6954636205867,46.12570359630626,65.60923975572028,78.17933520197312,43.84359987252385,85.49956301216284,87.42419011857956
QBC-241,77.06000597785841,82.32238887183131,77.77806305132624,77.78876508507719,84.87281250709063,81.9951023075411,77.12054340005321,60.4373057974818,65.93864466001055,86.11774784222308,73.13190072034004,71.03495153739055,88.43007226859851,59.52364980462467,93.01271382591517,62.35285410495729,58.786696929248926,23.82422168824066,45.52025386020483,36.12508905480506
QBC-038,83.71091977237813,52.31607934160936,58.972862861049705,73.28538401719862,59.9140374338091,38.462117256119356,73.2471074964368,38.7452401443167,64.60526987897721,58.539388359654204,64.56897470052908,105.43785643263726,58.956836084788186,71.66384966946262,54.81161427460749,75.75740190525642,58.679003093522745,34.86142309756545,69.20708608138334,69.72420522899762
QBC-008,80.14680041817373,72.48662949009194,72.36705798769685,90.87990915223284,49.24839149848951,48.59680492930077,43.665788244149894,62.48898146610871,57.92392534445318,61.53013024771296,79.45441741622116,70.91109385752802,49.15975260491237,59.94738078325045,33.85500978668561,81.65545014798971,28.492391809623452,49.90352889131975,24.590373401869382,57.50013456530706
QBC-229,46.16326840168034,75.156728319522,61.64334382356728,40.954782211792164,52.59260583320898,62.8802629608378,53.7436736860492,18.777248259863597,60.413220218748556,70.1017278178484,44.052296761163824,69.8100138446435,87.51135504544357,46.033186137802524,92.4958259293227,69.18618525385,39.617088232646616,60.35939603814001,69.9357593400621,60.505380744164015
QPRC-047,69.62501891650608,63.62650932576496,64.72112105853626,82.73962077856066,64.56905717727393,59.34427923621459,64.74050078107712,38.08941494207935,71.00911260122547,75.99157582314695,57.84208578002535,57.68266096594931,54.41434335946926,40.80915039887356,82.52560319200725,92.25006109491457,80.24787937850856,46.505687926594256,82.17843602214127,67.71563830798334
QBC-080,64.55442252720621,69.11249525607731,68.40091945958949,81.14685964535974,65.61078250330783,48.697203606555476,70.41381277557299,75.3685461059594,86.68898829352932,85.91653265127607,89.31109924993888,79.12026145064625,62.50068809537604,59.761225312823086,48.855202818292526,83.22989230620604,12.515945860866438,51.4876726273398,64.42255161356168,56.387995507038525
QPRC-008,67.6125981444358,70.50653352142953,25.08897868631694,43.34620002625316,64.17060580053148,52.49816435680171,55.19077877836617,84.95254961051113,55.89797906805412,48.40225561973347,56.603279503070915,70.63592143443405,49.74806740938922,64.1502591882606,69.79813251901211,78.9610307329901,42.18150163817668,62.253115830454945,86.39987122682521,44.33947503826549
QBC-260,63.2491888504012,85.6643539508957,21.007629116795826,87.63353268030586,65.38861214702453,69.60195114266517,44.080337192672836,59.20847036438748,27.948836549457592,50.473963035575366,61.769616238286496,46.35516899449007,63.12475053466029,79.11846026763767,86.19256619438747,40.11025468245255,70.03282604656633,49.697429362120616,61.43630399886521,62.491202799605546
QBC-298,59.582413785776644,55.085321152883175,44.3512063375001,53.40986941800426,60.000037074172894,62.25124632433926,76.69477193958957,18.310203672556003,58.807102514328705,31.821097045793326,67.76244778097869,50.34553463640799,50.11277191776826,58.35449834234688,79.53707189042592,70.09468488533554,35.108731215191135,54.24891155595017,76.0345023111007,74.90396145287804
QBC-095,63.39713011549111,58.22033556313877,37.59739673420602,72.8068802942997,72.79725891459152,66.11129793260815,66.21254121426595,62.500185051120766,68.87739127642023,74.58598291747202,51.83535186719874,70.82264110123339,65.76384941337383,51.027900898268996,64.0971508828351,56.19626525555417,77.698016737198,24.287875760876037,50.164739841813905,48.49028878231712
QPRC-064,85.17637558304999,88.35920560450265,86.63406562737266,80.89399156358726,6.586247830087989,68.66427604101955,68.65354740795799,32.32990371696307,75.66320344319976,26.009854458969095,81.24257148796593,69.62005474529319,62.129403268759155,53.88913434823935,45.699477477705294,79.66993810318883,65.96264685469856,71.72650124709295,67.87905955918731,55.388171429949004
QBC-003,54.24325637473373,31.96678597535129,83.31211948135014,69.52416296801522,38.25886724900389,77.03832816408274,46.89449004122152,74.32114923607034,74.47503892225807,67.61566410427461,67.29286579694795,63.45855997041366,27.21723684511368,73.20330408877842,62.136805312515115,36.15530688866681,56.91249917522864,68.73699853937794,47.028571312324345,40.23942394208757
QBC-294,52.54627706430862,59.94874400068609,45.158934582199315,36.731879341114,83.90405026562173,87.95819285278753,45.62538176043653,53.24640422101025,57.011819787020755,53.89486363235739,79.52347348325583,64.9133606788915,44.26969492699051,51.534372140984956,70.74805341839544,56.4482329507687,75.39554845419826,73.94657527032875,20.12933150252783,74.34423290727477
QBC-270,77.31105132332806,72.69235180406665,52.50307672212174,74.40486728781858,60.07372196119306,64.11711885967388,51.04411077047567,73.13429699124654,62.139056071499176,53.76154629765476,48.94178701965273,64.90330699690817,67.5372316973708,56.77229959867149,85.56470117792043,51.72849804014399,25.607971876465676,26.678047879487814,53.54965248619436,65.58267382856161
QBC-058,56.29610135877869,79.7656696784416,56.2221710042213,79.10568642113427,52.57546355267387,58.331977898130575,73.09233257183202,59.86087951687699,60.197012133728094,70.81067377866768,56.17100797000903,68.27423893651186,60.93635758689656,82.56850797695114,51.16801053078778,78.79062009992282,73.09386448633546,74.74509274847043,93.7590495778512,65.06974963530938
QBC-207,74.53236467377255,42.70981208240812,65.57066195744225,68.15030326659962,53.066416672277605,37.82745418143479,29.202183009189458,59.87814671987079,24.545713750223843,81.65945807334242,60.75779280326316,56.67235819913157,97.62499051622677,62.245324922654646,76.53120943477475,73.78012981462133,63.05482474488423,58.397066131205136,85.52382548184707,61.52967645123161
QPRC-005,52.85875700179389,75.69341169026194,89.24820942178073,68.0757557517056,70.78348176040177,23.257811736798057,47.17428029978,66.35769770752736,72.60226591262025,69.72899713656105,59.53117496667258,71.1648880432311,78.37552125000906,57.515968756257365,53.176033919019304,43.78024255901085,80.57027690596237,44.73135059959726,65.79303831999968,62.4403052014935
QBC-243,71.89351290838556,39.853283336222376,63.26083865175728,12.019353517844262,65.6519344520384,58.90970492396225,53.1472987985839,63.83507728196889,90.64739106896874,63.99873090052407,36.61434712486148,58.27370518571803,18.445766513945777,55.403088835524244,70.83101377626748,71.07107312431573,58.33589919892232,75.98614186057438,71.55668142561335,46.69901314055056
QBC-049,72.26318066925936,68.25771700144597,100.14490465517444,74.75455124931665,72.95673264799866,79.34653283926266,76.81203223020393,46.77287355310201,70.81150744347545,60.9977557008061,82.62237341192002,72.74516730992187,84.4750112799319,50.15384452363264,70.80452124964387,46.74758457658898,30.691578250791206,75.69475732451676,50.20093990129995,64.12545571186267
QIGR-026,81.41131907549253,74.57935511841316,46.89359038434003,17.325247973983895,43.30455497073798,55.442078538539484,21.341608402163562,52.93997501077304,85.46726307048624,51.55298260628166,73.29082866517888,66.21800556163466,63.63872207796098,48.6454978703222,70.63243810736095,79.60540766538787,86.78967115236972,35.72522253149187,68.31837706685722,42.21051321568309
QBC-239,73.02456618025766,14.823964536745263,74.02447371849732,90.56349848107814,13.288626546349828,68.76135599196564,75.20430707094991,41.22288013798547,71.24728199982442,72.69049075767957,87.19503923491034,71.232107292032,78.24723210163515,71.24281089106219,51.74948393586433,67.36598376759517,69.566170712765,37.40414962978363,82.4699005899219,84.3332605603454
QBC-200,54.01787638947031,79.3789352003209,50.79484983909519,30.63636741718278,60.74406572545185,59.833405791336986,58.94673198024633,66.85382943621903,34.33183298720919,50.653855485121944,44.45427955915259,25.482648513948273,67.22024448139868,66.44321417826774,68.88314026408631,58.67800318038228,78.65111851038151,73.29026271884439,56.36371064150613,61.75476523350974
QBC-051,60.52422889946685,81.92244693230211,49.91204402648053,55.38462467719382,60.1048219291074,62.54608743894521,55.32814291976965,78.47956839370278,72.82439695861075,47.211260305144656,52.658783574580724,43.99415419522576,74.18679701265681,68.30787485655192,29.737951165709806,51.89436149063792,57.672466628903095,79.13351867051486,61.38793011409729,72.59734280732295
QBC-178,26.590143366483133,78.28109347101338,41.784184469259344,47.78170204975946,62.557821294375756,84.95832703967157,76.44069261268872,71.12981489064052,57.23831201540561,65.40096646918978,37.0680211636338,57.622638390534405,81.81542402947889,81.62905642249997,79.28992696097683,75.74432958570102,76.04922878914984,87.40262784911374,72.87852276096974,62.79439121295176
QBC-017,65.16189220136064,67.53657425955737,82.0159119632945,102.14033208178529,64.28532237816904,91.76485562599879,65.55169952962123,61.408471010703195,73.1933678479786,86.28321490723619,65.67449262648245,25.243283734249907,63.94941622582927,60.11603650282609,67.7477309937714,41.794031846075626,59.017344181894856,58.186278628538716,43.014651204066666,69.91171922335836
QBC-139,81.2045190587248,55.73094964974267,44.92826788568745,59.62279492138637,78.63538114923418,81.88527161584949,68.20718391833134,62.17748243697081,70.11887374607527,59.16740531109768,78.708115379839,58.40255071271217,62.186036105064744,51.21519893900461,64.2143435737857,18.410432746408375,3.556384759381709,87.8150536828291,60.841282511657745,79.92366712992367
QBC-062,66.11293632381418,51.53581663137633,31.5106473521275,59.32617594515762,59.21848962666651,64.01791857008405,43.7061383078177,41.23003169240616,73.47700775169926,64.46922711060473,68.57898212217825,56.897854702703384,53.303727724700416,32.056331735128545,82.98341794222407,42.12986210414145,69.55280331047815,83.61100836474395,46.343424164317696,69.56102994881394
QPRC-059,57.94411050866279,77.12335459020763,57.91861445583317,46.631017833382586,85.10267701902654,58.55809652490564,73.69927097899529,44.86407023829441,57.69374211252483,83.20251697388501,77.5596930101438,81.91631296865022,66.3932760366456,77.83106346938114,45.8266873298548,69.93725719179523,68.88775625211885,78.05908069686784,62.225614924295364,78.27978219735184
QBC-252,65.85052596881329,66.05544828209217,98.40063286528815,57.47320851190359,68.03080198083288,62.927616108436645,75.95928386831568,55.25338110040898,24.416836802401416,65.66406657664947,90.91819685379221,78.9415483914584,89.59238904947522,67.37364042917226,34.10901047735177,92.65083274005376,27.500953016972936,58.15063146579334,50.87375148884663,44.8534168605882
QPRC-025,43.69665341248917,64.08069700338194,49.154227804070466,52.487545267825055,80.74653663653922,82.37300786088801,66.62019794168617,71.95918741289316,76.53081996824332,71.30517174533453,49.83444208908855,78.0074838371936,74.03992974704406,31.484784270226093,70.14689673646137,101.56376462659551,58.47582642316496,66.69695940092413,63.43393162072488,67.66637030424157
QBC-078,71.76214650388889,61.77786155970371,67.96425717060355,64.55487193315474,69.32155000820306,75.1503606296018,99.66657420102715,91.30919244328891,62.55862392590804,88.5478062608677,68.97570620561982,65.81003008249886,98.5591037072528,85.43774381783851,61.723060975233594,36.25863601594084,74.72944702654007,72.02980080359525,58.302421560580584,61.14517497251445
QBC-262,81.24901042584949,65.57771477615606,77.11562030727441,19.986181048269906,61.19501590471622,79.05048405047049,101.64360611217906,36.051655943190035,63.724133468055214,62.13279727097701,67.52134026545559,85.15107679604711,83.5950242619701,54.092204387337325,91.09254088989925,16.037692626468292,69.92962803163435,54.82894758848389,57.66630999429201,56.21529237965618
QBC-204,67.51021310725281,86.20346392102438,67.52556522074,64.57091010266579,49.49833516065701,61.36536659023972,51.309845481424844,76.57140931147481,68.45031401442603,66.02399901213619,64.38292998991167,61.62300594024249,95.83188001220807,82.99167767338258,60.23245990875337,81.52060965202477,57.804934534960424,71.36252911845071,59.80192882010054,84.97776263578199
QPRC-010,67.86459739669073,63.314084988958655,61.565512834253596,91.15459970588856,73.04706918896856,66.41192735888785,88.82189355380419,50.152884262516,82.87856218347464,81.52411398489409,43.24231378992418,62.784481692183945,71.3188781947695,70.33288344220298,56.977023226696026,58.662134558928734,59.21883265595926,96.89253254527408,71.77819752193747,81.72856736084503
QPRC-021,81.27107870758141,82.54997281234708,68.99694774737969,64.94498504884803,93.50590182058363,67.85388334258829,20.688382268589617,61.944781293465,75.55095900408156,67.99980404068518,79.51287985711593,27.533742142540778,79.58273486437619,66.14450091958815,74.38217537757305,61.24854827649294,62.83190849730194,53.26843155879582,74.6526671808892,74.16662816008312
QPRC-096,60.29262308096827,51.56557388026958,57.70886968291086,70.70841249567606,62.44332222136369,59.64840690902156,39.06484839971676,51.08020657460091,39.23398991218704,46.7913373322387,64.11874619747697,85.95217358647218,68.99544644519054,51.838024570271855,70.76922108066566,75.23064952974319,47.75779404613473,92.87128104521791,62.32950687631656,55.44340468385212
QPRC-116,66.8576479394788,46.23403385543976,67.37746858543409,74.83030514983645,79.20688307110947,45.471886838206814,66.73418784308534,24.713114045487067,17.27247717383206,56.75549202762158,12.57051684651961,46.4675269470068,36.363800058774345,72.21284029798238,82.65996798708898,99.59058861852354,67.79163088839934,95.37483252916596,19.89357255909455,51.4830356412821
QBC-251,36.42288379180741,73.22353883051434,72.36714993313132,65.96838490171018,63.19855841992107,68.59269161720312,57.974898910461846,72.88395662258006,45.8149604262841,22.556503303559797,54.44440850614649,78.5302838092021,72.49402406192903,76.62675454849013,66.58960748833795,83.85671749974274,89.04209271816981,19.028303837337116,72.21032426808893,83.82358252382726
QBC-213,71.56616334484144,49.33719664182665,80.77919087130007,46.51486863094732,6.157222559466671,48.7373181057761,58.5634734405868,46.054284461243626,87.36407511221257,61.79722021339447,58.99194442210384,45.28845173719175,55.084536988277186,103.66978921038849,30.834062815557058,58.03461235165046,72.75367927088638,70.75487673850967,75.41952830256665,73.65803805047871
QBC-303,38.446416160833536,31.43349635185167,46.46121432267151,57.61009386070606,85.45230072883106,80.40242746792958,59.45519910933268,68.28342036369612,80.46110748225735,73.18317311850743,80.45474602589951,81.06935127172385,68.76009987098745,69.87035803903376,48.80887815294692,63.76500329771616,50.64914203244753,77.19951718112691,52.2639534029664,74.32090323302937
QBC-002,76.62360153549119,70.48675760416597,75.15165469495216,66.85647283267343,62.13794088944281,61.96720095515876,73.11448697512361,51.45946095576792,59.43817108829517,41.70530614767768,58.54865715180358,97.0968925462508,41.68303309263203,82.82422396821187,46.29406109488384,75.51928057237367,72.83947113735599,54.74723620633047,46.04198100033571,72.00672241488715
QBC-263,63.656824175060166,62.94021114497757,65.78391460452534,71.16912340972164,98.6586297077105,58.40338983739274,62.431074718955635,69.61262515766157,77.24042704727302,69.71718835269078,75.68670969579526,79.91309757246597,38.080791266227294,50.54277054325197,63.90665536070837,86.02815502549777,96.37395753224176,63.23209938108074,47.35317161101355,26.27255662407375
QPRC-060,86.52367786690107,81.47074670279945,73.43031738953619,20.86427967384475,63.47491716969325,71.26493290831058,72.39023131049095,70.6188398659298,47.48401744756104,68.32207055934722,61.01809880804655,89.99811262009982,34.85072533390524,58.0241677274954,69.27673592537253,40.499663388580814,62.20106931700486,66.60725243971447,66.06569061153398,62.24723376253112
QBC-023,68.45556801795418,54.80383631250017,73.51639848872743,52.08876247707383,54.12445661790841,58.32813524279034,47.85124462777053,65.00735760236246,53.7566196530727,35.04659562712446,70.3463571184858,62.8729349569596,38.8638131826372,66.09193220399408,62.94191418813644,25.453985806952105,79.73483531065546,55.15487639579568,92.4610575782302,54.06841578451716
QBC-255,81.21421882772788,51.75649547836799,76.83154125246267,66.99013338156745,85.28188702011929,77.14043539534713,65.86364663244844,20.419309037175566,58.561750896013464,75.16628959348577,54.47647880728465,51.55369287621372,82.0884599713705,78.47058445377615,56.67017127372706,80.87907712559864,73.11037809064014,77.5592688866455,65.36410948697721,62.64116071340591
QPRC-102,20.15936068031879,72.95056042480043,48.09998663150133,44.442436062892114,60.832810938402595,76.35806208191129,55.20440754218556,69.80393881384236,72.49772406566302,61.43304582539924,44.60710816709874,74.10044507069605,56.19395470533784,73.43595394469541,76.95505767978439,72.48939731593035,59.1239598300901,44.30023427338623,75.51491671600863,63.78729851416211
QPRC-003,51.815733980671126,64.60186645268315,47.06204757793611,64.88814622049594,29.044351761378838,80.4909710318305,95.88360447354881,97.27815697568701,86.18920675211716,69.57504104086382,58.296961041479236,83.90103718700834,18.447337227784626,80.86470508618038,84.1982704677902,44.79541462831639,55.494934360783134,54.17899231995142,42.64482585453764,73.57341678872186
QPRC-006,77.58153417515433,62.49365904025388,82.1036155093726,79.13404647852246,72.59124357963624,73.63974043387661,75.50916720718479,86.41619766922523,26.751540762630817,70.39143391938197,90.63179749061396,57.51853727823003,94.70622193915374,56.073798885520645,47.26557109993784,52.20608137426483,52.5672812851895,24.564614725979155,53.40070493056709,24.057112807086526
QPRC-041,49.62625412641654,34.42537102845581,67.77953983007123,37.25689419806141,58.17691498082969,78.26939379557083,83.21742516924905,82.16670167275478,33.380172040713575,72.65826916428145,71.0412169634414,79.81579553577345,84.18993898007321,76.78264857457992,78.85166385054394,87.56210017688589,60.16446481030837,73.36073247234523,20.575154531007694,58.241686257755056
QBC-203,42.27076084603038,69.63402874201356,47.542484753798206,65.0498094154393,49.29052613907076,30.918799409396872,66.93163624637775,53.65205181526656,69.84567583279963,57.8908721086092,78.59173186404661,68.2243290741992,63.23789099000207,40.535321392831214,77.02699390122658,67.38745642785076,64.10469562498469,32.36046252372441,43.80398420257288,52.398159877953574
QBC-223,52.80271301060864,65.2662077315961,70.78480490522992,67.62116231790546,72.44622501178455,41.88991338914375,81.72597770581743,66.28689485790929,73.04622493533985,75.91585229392271,58.40326298352371,43.76366231579421,92.8588059117947,82.1704813910445,39.370146991264825,62.48083600395188,66.56113439132636,65.36563323014244,69.53779708919737,40.85595007472128
QBC-246,63.69646772255186,55.25818768589543,78.24804945611567,58.81134640596025,68.69706366572322,14.928242700617128,48.75672598708502,58.94575700563854,45.113397133635914,40.28557541075626,46.054735390334464,51.49889556772641,90.22290805727584,64.33791813607463,61.39196236075601,89.8734522129921,63.22377793752318,59.73589063920936,93.97839643440855,66.90770768668813
QBC-284,60.834899969369154,44.549432957330886,19.686945795689816,84.52235786094411,40.48742161064507,51.63907704234924,90.98120138451546,62.20056565673919,19.566778524855774,55.35297628245005,58.16642620657504,47.649078790094435,79.87114388888801,34.87562229290365,73.54868381403278,66.4206824221002,44.75632361193301,49.28830583739463,57.88361686733451,88.17519479433318
QBC-289,65.14709763515623,70.49642532997018,54.201338445296805,59.23080281239122,86.82488678375253,75.47940440366597,48.974099547419385,45.88197376120188,61.32858116741517,55.13366576921859,70.97712232706868,95.013341685683,86.053307524388,65.42661932724963,70.76610047209907,71.78855867436255,77.17673849828148,67.64507570820483,62.34289968775815,67.18540973205663
QPRC-048,78.25184777159826,86.92881863420052,71.77584263465562,71.59353366834037,78.51121396840264,64.10330146341198,33.288355178697444,56.445267201287294,71.89560161922985,72.29227951843318,44.8232542614662,75.58201013590522,51.036930066038785,55.34427930032193,72.72871741130666,90.46577423862254,78.54246830300016,29.09061490142443,59.17846710422834,34.2930016480574
QBC-272,74.18353555796656,60.88954617619938,74.55010430117008,51.79237455629115,54.599926057235734,91.57839047160155,41.68567265721102,27.008417892873222,61.34678904092091,53.7974022047776,63.37111819547838,60.87381906099909,62.909930146629705,74.53399544318148,68.11857699659471,47.243712739292874,91.45248786056496,106.98468571752622,45.124294823818786,48.1666997652912
QBC-167,81.64068767370748,66.86324969560097,71.25433120941628,82.6717753370562,69.081300262224,57.645269442693724,25.859717961314338,61.136769207425544,68.21290869001746,72.4129545129037,51.74751320195142,74.61148622123252,70.08815126837298,40.71283710843285,66.91426530000811,80.14981908322929,48.47052804380154,60.52156155295572,59.29440749494087,67.84291407258651
QBC-105,35.270854117747845,75.46546196372262,46.3497914011984,51.10357485004727,49.19510777697111,43.728655071486756,54.58642894436173,76.09478524648159,57.98979610579677,71.66354032480712,49.00677614055464,52.76238558311229,61.55987561485746,57.89230094815717,62.30250560057724,75.92162388925428,63.9153770953792,78.30889243380287,65.68083025978233,53.71636263431671
QBC-141,82.01640661429754,100.3306325924943,39.77729475005749,78.21744685503542,59.201222370134715,68.86080066787969,43.27382097704747,75.62363423713613,88.19786920580026,75.11103570039243,24.21938097156753,78.46958609428142,62.30476650293292,64.4857733313732,85.30387645565766,97.50171979383465,54.155970668695666,58.44714435616086,17.333031879315264,66.7074783126198
QBC-261,52.040162116909386,56.06215247339182,72.20393642259211,37.35848707661207,30.836712770267226,74.50499676593685,45.367052882738406,60.238306112465466,66.86988618830512,78.21692115025152,56.02802333868,76.15427821773461,51.88206346331424,58.28708582685924,88.24860208257718,63.366674950916035,26.313724475419452,78.72379157957673,68.83575908794985,62.46468762009717
QBC-299,83.80245033375186,84.59383185988938,85.30695247868154,74.61993030924384,60.16378493001784,58.60786568247141,41.257625563378156,74.18913582824995,53.225731124663824,40.97854047946853,59.7466951528179,27.78728500499961,76.10512428771318,78.33496028338533,59.89879583759024,106.67366965012452,77.24912035599834,76.53577468756055,22.09280510756963,58.59153380601494
QBC-192,79.1981280179548,56.47021240327378,94.25347043549044,73.59940872293727,93.19569249626835,68.59137196931952,56.23245160258352,74.00452649556297,72.88614175966144,31.534969637400835,68.5298118464726,63.8536921000676,80.233480786033,73.52004376677431,74.75189413463715,68.887405223147,64.66541169124447,59.58846193107149,64.247797583395,48.06051546962948
QBC-001,37.55483246005892,83.05020956922415,72.3224776519855,77.44700407861268,36.68717306979981,37.014133992043575,68.6742128644815,31.469087033488805,77.52753517225358,80.17506297963419,63.98163861249478,71.80748989627502,74.6424641900756,76.9565065115136,54.75235799056432,73.01657288303552,100.30703405817889,69.5720992137827,45.4348817147261,46.649200224254926
QBC-287,54.49713398833417,67.34632127678881,81.04339404037307,67.95628345776505,85.53331883161806,61.942978754322155,61.99213456785928,66.76479772768481,47.38764730622006,61.70194434535496,94.59635144060462,29.396261941125843,63.498148504686895,59.863388114851475,74.47640522978134,21.68572654418743,48.79450733784288,69.92715727866556,54.304458649374745,52.82456357340563
QBC-036,71.43173079577136,32.36003883261466,71.3094900423601,55.53576107357512,39.863749901781716,86.22940517933583,58.36198154863656,56.41348173406378,63.80917472448886,70.17394820346425,59.89412095283012,44.69546394551264,32.74448747446018,59.22520270309367,77.73642462006565,71.36256870945272,56.98603060790154,74.97800038305462,36.42001646558599,28.12687624270212
QBC-254,77.67325207549901,66.74545314709023,51.63420809130407,67.05844741476685,67.08503522010697,68.39111382325332,93.66843591076739,17.181589284765057,71.37303872085882,78.2754269537935,39.83000577792872,34.350571439788894,88.28332718291739,86.81820619129904,48.53956584889876,77.80839640421596,60.38217446001528,61.556783632575865,63.799761071106204,78.08602026414704
QBC-053,84.95947275908708,83.06756791690123,83.04459718972154,76.14613160309689,61.703078061168156,82.36254801514168,59.279436909615015,61.26876651362474,63.33575568160667,65.83027887583995,85.12765294746399,69.72497077052009,53.387816408962024,61.230430193628266,23.433838000537545,61.84451497912019,50.932970887305245,67.66145554514254,64.44042984497145,40.22292227751179
QPRC-009,78.24937451268197,58.64500414022161,79.01409635985877,62.59112073001704,59.81187558506689,71.27072815405543,59.81335175994324,63.109731720093926,49.89860451383086,73.83030178096075,63.587117898235235,52.03105948829973,54.38368465339646,74.9933538766436,77.463324513301,55.86692887741279,75.73403821781693,76.35373598652583,51.51435035210659,52.86743896778617
QBC-257,75.74607777988594,63.5891582508403,72.44609295450684,69.11636123583,82.53623803873467,63.101391775108695,72.5428932155288,69.03800389228273,89.95683024221626,92.53086894281734,67.5258054424871,64.73014171327992,52.42159619676469,67.7612897688418,89.11420688166638,98.06005787129938,34.94836843468846,70.70405407475354,60.48569059324744,24.304351759752272
QBC-212,9.50247175013291,63.20342510071228,73.99104317108072,51.194103433029284,62.5889971694908,75.71727167974116,79.07867698075282,42.134268402531625,60.79459653542757,26.161972967923006,54.07037116711389,64.68845146789626,60.312045409885364,54.52400240767322,37.09743161383672,41.957863611937604,77.41224517087552,36.28303336958806,50.79494985057515,65.03689838048018
QBC-165,68.80841514476708,75.37640992284705,61.033578813417506,58.12509074682167,62.24626020432136,74.1188825112435,67.05858958521293,66.16801101374247,9.925331052574673,48.16325101839465,74.55048818859939,57.680014659123856,66.93648363487516,73.12417249356758,59.544349616902565,62.18287149738849,88.58677566787898,78.3241162146325,80.46216825814423,65.07391655856902
QPRC-007,79.39335484474458,58.08600216612314,76.92166131340736,37.4680329545408,62.37404265967113,62.3851311515949,67.38873135927994,66.13630408617102,5.383908946542887,88.86349403100051,42.593784012612026,65.57955842927784,30.246034811685675,50.209935442367836,55.94370128048703,49.091679057872504,49.671733630065376,53.23891598048198,69.84681355656849,33.481253914212004
QBC-054_r1,73.49656994826502,69.55473631911762,58.15589041518484,75.2832230146085,86.88538684803075,58.74610701545673,60.89739789830698,65.90770807063562,74.3306757057395,57.59719638521784,80.32711791663763,52.88381330183631,80.22727730035295,43.17533406076787,69.08251508766614,98.50733462873723,71.82276991859086,80.8150580571224,54.20851296033527,40.34958299734646
QBC-258,54.82458902176517,64.7207062388449,51.90623549104569,76.9407616431337,52.6736026549898,74.5687158965065,72.38477450009663,51.751496873047245,62.61747572315993,49.807267524303924,65.02542907214922,37.932853086303034,68.18615202200694,43.680553584571896,79.86619727771966,72.15925328281511,73.62435644567563,75.48069512093234,51.63067753223224,59.56874633857028
QPRC-120,65.9727512475498,90.80766916287853,57.762818039974896,75.6414052863263,54.475914249896014,50.05613095912625,73.09314226173431,57.76482298523834,67.93211913987327,64.6551990332417,54.859287222466804,63.92432109629297,19.21017132316907,58.680205479763075,36.61950916208133,74.79952854155219,66.81962675798928,42.123795681741164,70.4877711349227,67.72381834738158
QBC-222,52.56167092155192,61.027913281987914,67.70039494285277,73.21135657595846,67.5615326750507,60.66838665993308,65.31904567340096,81.49198174701493,58.905563485289775,69.46687020115112,87.7714983363977,65.85397304135168,71.12018322907747,70.25396603876209,42.03655583591042,64.39732728549409,32.57911686726548,62.329854793360106,84.77013277157245,60.197537512334904
QBC-233,103.07999757042215,76.27430163887286,69.3926391579592,77.86338980282443,40.77153214037723,65.73026875285558,95.6398757765744,67.33349231417486,70.43776404060524,56.13193636732139,68.71559045393431,25.196162100297574,84.80201033781435,29.638354979065173,54.55348718594772,93.51064281834522,50.71359334192127,95.05702031521642,68.74328489985959,49.65452793479466
QBC-043,57.059804252846455,63.17334382947157,66.01542778404169,46.53129424155367,84.34813554323499,76.09311159816268,80.11430873363236,79.4137998200117,20.717553487902975,62.53791280660943,71.43750959975709,81.7132334498173,66.40318569045718,59.49413405007081,74.20429367078586,79.48891649915775,63.62423132859937,82.69226257983743,76.45177784213776,47.5322958592315
QBC-024,50.4769780573523,76.56439813544705,63.18913815905661,69.85872436576147,84.75246872514384,58.767531542625974,56.863447834932046,57.9469964450614,71.09082014986288,39.12101373213524,69.75715262038474,13.07645476684608,81.11711751019361,70.97427680578537,68.5830075272003,93.81681262071261,65.53252529015784,74.37844269003466,71.7270100512645,54.521835297158425
QPRC-111,72.31044554759977,66.54144518263521,28.506021278407314,75.9191767325452,68.5476951562674,35.08359957772905,47.74391973414153,46.99902060221954,76.18170892543802,68.01443163100384,74.04147413865971,37.420695777968184,57.39395818991868,64.62083052683275,58.93579642340218,41.296257116276315,63.12607209320232,81.73184774175107,45.15610055912936,42.652186153446635
QBC-020,67.8461500290287,61.83463971100435,84.22234147471582,64.87671760500481,65.10857629095334,72.00577691309687,45.17314214974994,60.095293445783575,72.15131810373106,82.35416024964584,64.4532611180576,62.0979887520088,90.7740879151427,55.6174459497518,32.453467457691644,54.71084153237603,83.55735526197456,37.04336688251459,83.39433396301418,86.84538495266821
QBC-244,70.93836571114815,67.38025386036452,82.57840183484393,60.83930859303082,57.50029394464026,70.47460274795728,67.7707629202372,93.36964861142984,68.52898524618567,71.98948793228345,65.24719575410862,74.82300300450609,63.46535682979632,38.71516823405846,61.83535787797576,71.58558979843872,72.05016505560735,72.77951688968996,65.32103534097106,65.64381999289301
QBC-206,77.77854795626665,86.56373185887136,58.834745369648545,73.4857756096658,66.66509059044769,60.56410692499801,79.58640734897565,59.09305493587392,85.83266141362918,56.226470564964394,61.693408353733446,55.920839099888084,20.59765261419138,81.76965044448873,73.57994253235105,53.143720795144006,-9.683170755654414,76.54369913147623,49.45708991993492,43.42974936091411
QBC-216,67.30316952097833,113.97462830717487,69.39914234199566,81.69940408919089,55.002523134514064,63.676477692318386,70.1706427242994,65.51478823062995,34.66242842729147,73.19608546407795,67.17540691703141,77.22328377581064,66.38814891302238,25.888010478545855,67.84481122895323,47.3176384049918,53.734092818612396,66.25678247465567,68.8959685483767,72.14731746350856
QPRC-013,18.65690717631788,48.450648448564536,80.11031262543739,68.69073554269437,69.51287676534258,46.70868663567933,66.51686845787853,72.2272903562295,14.822370845330376,60.555032523508004,57.15196855000298,50.363368059780996,49.8120882573406,57.14623816941592,47.190509115571054,54.68843995990853,69.50110167225502,74.22045199511436,49.714135106294364,53.89055537275987
QBC-014,80.89250521993705,40.33492683899993,36.20341015009803,33.02048522308076,89.90591255900384,76.36943609266675,56.776250146804486,87.93322255791745,53.4844547781734,62.58573543748449,58.830338503578844,91.87189357721897,66.86556036052338,80.12209415633245,64.10933357303915,42.05731013706274,47.2787306236699,59.37015487153471,45.87057175470473,65.15304595922622
QBC-285,69.25440456620609,18.976397124176092,70.34495448927615,62.73789106417108,56.6240311131091,23.504270834359147,66.7723797450797,72.7742326486196,72.72219870724905,69.46984641662138,71.11688524948154,76.05336384420139,56.55742148893343,65.04537592820728,74.74413523003999,70.07903978305642,79.0746565907811,61.471672618551594,78.28334822389843,90.9547772410719
QIGR-009,56.443338707552954,38.79712953094035,80.38194665852566,63.547404859716224,28.132991247944343,28.456670456574294,30.696307849412577,68.32071636294816,87.93245647748711,36.73305497912291,57.48002804538483,63.04314078926383,52.03919881605312,74.11306533280508,66.22059581115906,74.16230112761806,70.6332042260203,63.29014814709613,79.60428538724916,32.58536511727071
QBC-126,81.85096650170678,34.88444737942338,78.93394722803475,82.14495115330573,57.80410914395624,75.2889343858927,95.0605091721377,75.00040568410837,68.21179835080594,56.75284030938524,79.43925127525583,69.43786476143269,77.99353049620024,52.39274733042814,65.36312118070086,43.839966029047574,47.3623619856328,73.45796315045018,67.0888769475037,54.909820938120426
QBC-016,55.729511951737116,74.50775094057381,70.50485396518366,88.12910755946857,90.06224234171722,58.15104195833709,60.01224393011624,71.32257714265367,61.65667732936335,81.0755418917939,49.65608396592564,85.72129798524215,51.89126598255942,72.84704118620968,60.06049769915343,20.219838718479355,67.2931928897069,55.421202090632036,74.07259096179911,26.764142625756055
QPRC-004,66.58162101404508,74.86506825827752,71.75567454930459,48.9057260315813,70.79592230573078,53.30497384286051,68.81197156320943,29.112975156542724,78.62150265358211,61.100735366797494,31.534672224051253,67.829583248046,57.7629060675864,74.58845628897,59.67802415800422,96.34953967944622,59.686955604996506,61.86486814240738,45.52588305739039,26.66604006123756
QBC-077,62.209763254201405,59.17319888156723,51.23455349966363,76.68111677237738,78.76224420331509,58.55074293863268,56.08587790359317,49.98502224981924,56.014442223804664,72.3999742257483,71.92491439142606,96.04020559359384,73.68198817328026,67.31597604762247,72.75468256569297,83.01901941768949,75.39712845079418,66.98847567112398,81.58729788312883,64.66049211979224
QBC-228,45.09963447577211,65.78926679212456,84.63470977417965,60.62859447262045,71.32086862569273,83.53544344548368,65.7156624671387,53.034974377504426,79.32528209203545,84.03008159555569,107.99027902801879,65.44680259228822,84.18422687392044,93.63772258521027,34.18647844078018,60.216719652333474,75.57261600637713,65.34018461445852,65.02749195880844,44.02071493068062
QBC-201,93.57127048860266,55.01017750901606,73.21850464486833,34.76687063452147,66.07493870270807,69.710059296672,87.88187554194033,65.13697698473004,65.88670226598181,71.83146772466995,70.80939698622558,64.68395579025899,57.89605097994048,65.62601404293612,56.63457747623516,68.94588985277018,66.34151943882932,65.65912053197235,37.268416215569324,70.61622368290679
QBC-276,76.68866416780392,59.641017451165915,41.587741155460996,87.52513328596392,73.4427513801096,64.55213689980822,69.63710484855388,89.90444962357618,77.41643922380851,58.01245785035799,69.30421525303561,32.3917872263324,44.32878400471382,56.070714432528256,52.70009136003971,85.123553708141,81.43632810581501,37.08845975135737,56.45812755796621,46.34136745718104
QPRC-042,47.212015622712244,66.84939765491193,34.3886663561973,53.28184576787447,91.82080912486501,73.85606239744206,72.73015442511866,83.73590251578302,31.37609801578652,45.834996593344,73.3451889844313,62.196744808732994,64.01111378452207,63.69088066105198,40.21300013637812,67.31553836694133,74.1972426203317,52.199684222581325,56.54234674503434,75.26692716047091
QBC-159,86.76728108223486,37.306456171218926,57.765901941800955,86.8458174276444,86.7306528822551,82.10893238586232,46.72801205916261,52.01150406084079,22.3559307356795,51.56210555971914,31.68778387193818,46.066823744606026,85.45280031243288,60.355570679662826,80.85266911005053,61.41885918572908,78.2518093563942,50.81207303749983,62.09008508806848,67.47687780838515
QBC-044,66.51138834729832,48.78539265888442,68.36576961860644,87.27665190424848,77.63163759326812,48.105320673526435,78.10062352353646,77.93892307350062,61.461362206681194,81.37452832922992,58.33799175289519,66.78133599553814,91.19733713977593,67.77793267062417,74.01457848928618,77.38894938209035,64.85195283307701,64.06322042058656,67.6657048995074,66.7640269675078
QPRC-105,81.41455826553042,58.912743433418655,62.454800407500336,39.245042095492664,35.15541183920793,74.55290676419838,69.10527974184885,71.34172067809152,66.65662241154928,66.16711341953442,77.91291964989196,70.4712559532178,82.50746372826336,44.3240284867621,68.67382248485606,45.43126685265186,70.8269213633145,61.45938308301634,53.14431921006039,66.48920456849189
QBC-296,42.465412565357894,75.94020236914943,61.13314114289149,59.59446256298281,78.67036722082051,56.26639611888528,39.84687388359278,67.76511597777119,42.688334803030486,41.070602864269176,60.030144040993264,87.17399708197604,63.4156661270698,76.03642103444659,89.31076561190321,75.08116584340635,77.77806553913567,77.59864252634861,80.47413049963714,45.95818810673519
QBC-209,64.17551295652731,85.58590823674923,64.43654867337514,84.114216707558,60.34677766136564,56.26062914794501,67.66412310064237,66.40808367006422,68.88957026826438,65.19660149009414,66.50257021972533,60.61072499650541,24.817523379663516,44.33125745241334,66.61357030136988,52.07592991944888,38.661435439709024,24.701974060877824,71.12772441810405,70.9885981752276
QBC-250,67.66195024712206,62.32055481831194,60.11274272515033,64.73397692622552,69.30636279728584,73.34761605330493,30.8019093988752,70.07066946455936,66.50445261570881,14.530206853213386,86.8396632546389,72.64617328633278,72.90203174940638,69.54189498849271,59.04089965484869,70.36627018454453,82.22976410858783,72.19866788713098,92.15219234167996,70.01141476319319
QBC-235,51.00510829247236,73.46755040070914,65.55036790588213,55.068944050827675,51.20950927673732,46.88193196881192,86.85570820574102,76.15050498240842,68.38608853612742,60.23774355569929,68.06584570947916,52.60630281268449,54.497676019014136,49.10247058269157,51.747434481714436,56.383656648279135,64.00358286466448,52.47381677947012,62.62873976447076,58.87463983411525
QBC-265,23.392838105240077,77.93621875774818,50.14592575362451,70.47625270776294,73.73305220483957,80.3618571366995,27.094626001774746,83.94094574427686,49.18933642489867,41.98064016329926,31.226591901201083,57.87769193550476,79.9586245608098,75.57322709061806,77.14309557858638,87.44277775382281,76.61806131878342,90.44405017638029,64.06017277096569,77.94206292431835
QBC-113,78.44948130974109,21.192492209454542,77.89489803349241,63.38499844546966,1.8967728669399264,46.55209228214861,72.48677179442778,62.65541164304127,82.63093245717957,74.9090701674128,74.74610347818833,21.4963566340144,52.142660904410604,59.70829285608288,57.717920098765575,87.68748481069368,66.33213424670947,81.90290038071265,63.29202301400565,47.02388688213959
QBC-019,65.94522292873305,55.4519951315134,40.08753871523845,15.961066668469682,78.48947030674393,75.93122856862234,69.70798766989041,73.50568692628896,101.32054818418428,84.64499574472742,68.90243569909397,67.75312493121771,62.13327649619121,74.65613120737082,47.71217835454786,52.92674731042532,58.59993671772436,75.71864110611698,53.75481191843494,83.2313392910933
QBC-277,74.81908994298648,72.02816681360659,75.65423096307433,66.18111617062326,70.35445293279687,55.71462111940447,30.484270340257698,82.17800882937857,50.14158319716394,71.45014686155571,45.66540355556569,59.482762770075865,49.89451552158758,69.01360707972228,47.02069890033016,64.03107406260126,49.19953125515922,88.9039182418999,76.73229816007151,57.78916196652716
QPRC-095,40.095198019877955,46.48095827661858,71.18566505223292,62.4046866153615,52.36546559955208,50.13388846110084,31.983255586571435,58.20669598433557,64.74053686232087,85.22460724312361,42.682313282274784,50.066994286669846,82.84193717486743,69.02671865340196,72.50175534710797,67.70690699307313,74.26579944719026,72.28616250716365,50.97996094240316,56.575642032662174
QBC-068,50.40815566337275,68.39191743810139,36.918864169296384,64.028729345617,71.7541111955694,77.08786605965379,21.683388539155732,80.14966947863618,79.82863807945635,70.64350685422546,51.581424493273154,65.28732725946665,65.60912633962758,90.57293604598722,56.910449942435825,74.5276637173709,47.25857499158839,75.64976077006192,64.96465770932824,29.461624860404505
QIGR-042,84.61931025979622,15.875724249673356,26.112970292462737,65.46671221155117,25.39399128102488,59.14724369769611,57.74024433457448,84.00292517112914,47.841716799723685,50.70618038844155,48.386020754434384,79.4550523967406,75.6451922026178,58.137875510420756,64.24381307705212,83.6494310109846,53.74239823588241,61.089129541001085,51.57437483709697,78.44236087880293
QBC-288,75.45304559746513,69.5908110161329,65.48817482031998,50.576414115614355,71.47831096304947,67.87870684356074,91.29032005277536,69.31116193616309,70.33816255939267,59.57179421194335,59.41562276637596,62.97664000279557,57.43925163728679,67.53297063194087,74.40544154377292,50.55507341519176,58.663165914716885,73.29100964973296,62.963506405658244,37.03077180540906
QBC-211,42.819404882980706,29.286015052496698,68.50496297176035,68.83171726728366,69.96998217095043,69.65358503032462,37.88824230056756,57.076843140902575,82.2225039923221,72.37138952691865,76.23829802558328,58.400152831741515,66.87822485466944,70.87576818441053,59.19461141908458,70.14178187037638,83.54470898836817,52.79136481679997,77.9589494194031,62.8187018117287
QBC-104,54.456968256810626,98.64856250156015,66.96232891894948,59.926726575918494,67.12346899551186,59.92524059566628,48.32390643629554,78.16000654433464,67.5224520247342,69.81012015501841,38.78420140819084,64.58209360987763,48.20472626977559,68.49598147611626,64.31402805717212,65.47806090765857,59.79934768474705,34.20222003368606,73.93318564947674,34.77806676377377
QPRC-098,58.58867282114565,72.65193849053463,64.08772403755309,77.60611214836459,32.97535655715567,82.07566676353089,74.36085503492075,65.09907401335303,56.692233936053256,66.02308318999061,26.047085288098813,57.80607604023707,47.93187901701536,59.04194822357177,74.90154435981907,40.74204223930263,73.57617378048845,63.05147835305441,72.3134288166824,48.448707304914755
QBC-278,73.88580430464044,61.73984000809845,77.55768119083096,77.37462555530718,60.29922482164029,52.81601894465118,64.66417802856057,84.06777506046006,62.784913439429744,56.2552026576688,66.16995082646596,66.60333207688466,71.32744808554085,62.46662518053549,41.21115236108401,31.985796618301503,62.17740078413459,76.81110649135942,90.01427435191218,57.421029042294045
QBC-197,61.502411107007234,62.30650160868261,38.31584619936447,31.15020737318299,75.1398775778673,51.715945551647515,58.78104688315548,61.336080819162504,59.82551074050659,71.56373775363274,57.062280309808365,63.581447515341196,62.00160684310746,34.96891590082795,61.28386380829107,98.8915526754923,95.6770642436243,62.8852705727319,63.29345230126759,67.14205136406405
